<?xml version="1.0" encoding="UTF-8"?>
<!DOCTYPE beans PUBLIC "-//SPRING//DTD BEAN 2.0//EN" "http://www.springframework.org/dtd/spring-beans-2.0.dtd">

<beans>
<bean id="triangle" class="com.jspiders.pkg1.Triangle">
<!-- <property name="type" value="right angled"></property> -->
<constructor-arg value= "equi-angular"></constructor-arg>
<constructor-arg value= "20"></constructor-arg>
</bean>

<!-- <bean id="triangle1" class="com.jspiders.pkg1.Triangle">
<constructor-arg value="equi-angular"></constructor-arg>
</bean> -->

</beans>